{
  "converged": true,
  "gradient_norm": 1.3727395001548915e-07,
  "iterations": 9,
  "objective": -3584.9931335742363,
  "regularization": 1.0
}