{
  "all_irrelevant_frequency": 0.008385744234800839,
  "empty_middle_frequency": 0.013626834381551363,
  "high_group_size": {
    "max": 1218.0,
    "mean": 10.460167714884696,
    "median": 2.0,
    "min": 1.0,
    "p90": 9.0,
    "p95": 13.349999999999909,
    "p99": 34.990000000000464
  },
  "largest_upper_partition": {
    "max": 1218.0,
    "mean": 244.22851153039832,
    "median": 222.5,
    "min": 1.0,
    "p90": 457.4000000000001,
    "p95": 523.3499999999999,
    "p99": 646.0500000000004
  },
  "low_group_size": {
    "max": 1427.0,
    "mean": 1180.3983228511531,
    "median": 1203.0,
    "min": 210.0,
    "p90": 1377.7,
    "p95": 1398.35,
    "p99": 1418.94
  },
  "middle_group_size": {
    "max": 762.0,
    "mean": 237.14150943396226,
    "median": 219.0,
    "min": 0.0,
    "p90": 448.70000000000005,
    "p95": 511.3499999999999,
    "p99": 627.2900000000002
  },
  "no_update_frequency": 0.008385744234800839,
  "one_group_frequency": 0.0,
  "partition_complexity_proxy": {
    "max": 1806933660.0,
    "mean": 38637613.1278826,
    "median": 11016735.5,
    "min": 1429.0,
    "p90": 95697411.20000006,
    "p95": 143344849.94999993,
    "p99": 269758845.1500005
  },
  "possible_pair_count": {
    "max": 537159.0,
    "mean": 265966.30607966456,
    "median": 270214.0,
    "min": 1427.0,
    "p90": 445907.70000000007,
    "p95": 475253.64999999997,
    "p99": 507046.76
  },
  "reduced_weight_frequency": 0.0
}